{"cameraMode":{"drawMode":0,"name":"Shaded","section":"Shading Mode"},"sceneLighting":true,"audioPlay":false,"sceneViewState":{"showFog":true,"showMaterialUpdate":true,"showSkybox":true,"showFlares":true,"showImageEffects":true,"showParticleSystems":true},"in2DMode":false,"pivot":{"x":48.48180389404297,"y":13.249841690063477,"z":20.10828971862793},"rotation":{"x":-0.26910367608070376,"y":-0.6732948422431946,"z":0.2900836765766144,"w":-0.6245940923690796},"size":22.735424041748048,"orthographic":false}