{"cameraMode":{"drawMode":0,"name":"Shaded","section":"Shading Mode"},"sceneLighting":true,"audioPlay":false,"sceneViewState":{"showFog":true,"showMaterialUpdate":true,"showSkybox":true,"showFlares":true,"showImageEffects":true,"showParticleSystems":true},"in2DMode":false,"pivot":{"x":198.8654327392578,"y":-153.6444091796875,"z":147.41197204589845},"rotation":{"x":0.28039222955703738,"y":0.6075873970985413,"z":-0.24256278574466706,"w":0.7024396061897278},"size":306.23370361328127,"orthographic":false}