{"cameraMode":{"drawMode":0,"name":"Shaded","section":"Shading Mode"},"sceneLighting":false,"audioPlay":false,"sceneViewState":{"showFog":true,"showMaterialUpdate":true,"showSkybox":false,"showFlares":true,"showImageEffects":true,"showParticleSystems":true},"in2DMode":false,"pivot":{"x":-0.3664073348045349,"y":1.0992356538772584,"z":0.0},"rotation":{"x":-0.22810323536396027,"y":-0.6199107766151428,"z":0.19503054022789002,"w":-0.7250204682350159},"size":5.656462669372559,"orthographic":false}