{"cameraMode":{"drawMode":0,"name":"Shaded","section":"Shading Mode"},"sceneLighting":true,"audioPlay":false,"sceneViewState":{"showFog":true,"showMaterialUpdate":true,"showSkybox":true,"showFlares":true,"showImageEffects":true,"showParticleSystems":true},"in2DMode":false,"pivot":{"x":69.32681274414063,"y":29.646039962768556,"z":0.3639122247695923},"rotation":{"x":0.030216505751013757,"y":-0.5821849703788757,"z":-0.021667486056685449,"w":-0.812214732170105},"size":31.046751022338868,"orthographic":false}