{"cameraMode":{"drawMode":0,"name":"Shaded","section":"Shading Mode"},"sceneLighting":false,"audioPlay":false,"sceneViewState":{"showFog":true,"showMaterialUpdate":true,"showSkybox":false,"showFlares":true,"showImageEffects":true,"showParticleSystems":true},"in2DMode":false,"pivot":{"x":56.309364318847659,"y":12.390707015991211,"z":23.24295997619629},"rotation":{"x":-0.06717409938573837,"y":-0.411568820476532,"z":0.03042520210146904,"w":-0.9083986282348633},"size":16.496339797973634,"orthographic":false}