{"cameraMode":{"drawMode":0,"name":"Shaded","section":"Shading Mode"},"sceneLighting":true,"audioPlay":false,"sceneViewState":{"showFog":true,"showMaterialUpdate":true,"showSkybox":true,"showFlares":true,"showImageEffects":true,"showParticleSystems":true},"in2DMode":false,"pivot":{"x":48.99324035644531,"y":11.560510635375977,"z":28.9099063873291},"rotation":{"x":-0.22810323536396027,"y":-0.6199107766151428,"z":0.19503054022789002,"w":-0.7250204682350159},"size":31.046751022338868,"orthographic":false}