{"cameraMode":{"drawMode":0,"name":"Shaded","section":"Shading Mode"},"sceneLighting":true,"audioPlay":false,"sceneViewState":{"showFog":true,"showMaterialUpdate":true,"showSkybox":true,"showFlares":true,"showImageEffects":true,"showParticleSystems":true},"in2DMode":false,"pivot":{"x":50.00971603393555,"y":2.2160654067993166,"z":24.175518035888673},"rotation":{"x":-0.26910367608070376,"y":-0.6732948422431946,"z":0.2900836765766144,"w":-0.6245940923690796},"size":31.046751022338868,"orthographic":false}