{"cameraMode":{"drawMode":0,"name":"Shaded","section":"Shading Mode"},"sceneLighting":true,"audioPlay":false,"sceneViewState":{"showFog":true,"showMaterialUpdate":true,"showSkybox":true,"showFlares":true,"showImageEffects":true,"showParticleSystems":true},"in2DMode":false,"pivot":{"x":153.57054138183595,"y":-170.30587768554688,"z":222.99551391601563},"rotation":{"x":0.3550906479358673,"y":0.44529154896736147,"z":-0.19824287295341493,"w":0.7977249026298523},"size":306.23370361328127,"orthographic":false}