{"cameraMode":{"drawMode":0,"name":"Shaded","section":"Shading Mode"},"sceneLighting":false,"audioPlay":false,"sceneViewState":{"showFog":true,"showMaterialUpdate":true,"showSkybox":false,"showFlares":true,"showImageEffects":true,"showParticleSystems":true},"in2DMode":false,"pivot":{"x":49.959903717041019,"y":18.007108688354493,"z":32.8448486328125},"rotation":{"x":-0.22810323536396027,"y":-0.6199107766151428,"z":0.19503054022789002,"w":-0.7250204682350159},"size":29.52283477783203,"orthographic":false}