{"cameraMode":{"drawMode":0,"name":"Shaded","section":"Shading Mode"},"sceneLighting":true,"audioPlay":false,"sceneViewState":{"showFog":true,"showMaterialUpdate":true,"showSkybox":true,"showFlares":true,"showImageEffects":true,"showParticleSystems":true},"in2DMode":false,"pivot":{"x":-3.039055109024048,"y":-15.414846420288086,"z":31.654417037963868},"rotation":{"x":0.22625833749771119,"y":-0.02569006010890007,"z":0.005946248769760132,"w":0.9737350940704346},"size":50.312408447265628,"orthographic":false}