{"cameraMode":{"drawMode":0,"name":"Shaded","section":"Shading Mode"},"sceneLighting":false,"audioPlay":false,"sceneViewState":{"showFog":true,"showMaterialUpdate":true,"showSkybox":false,"showFlares":true,"showImageEffects":true,"showParticleSystems":true},"in2DMode":false,"pivot":{"x":50.73727798461914,"y":12.594322204589844,"z":16.142515182495118},"rotation":{"x":-0.14950671792030335,"y":-0.7379206418991089,"z":0.17379559576511384,"w":-0.634766697883606},"size":5.122339248657227,"orthographic":false}