{"cameraMode":{"drawMode":0,"name":"Shaded","section":"Shading Mode"},"sceneLighting":true,"audioPlay":false,"sceneViewState":{"showFog":true,"showMaterialUpdate":false,"showSkybox":true,"showFlares":true,"showImageEffects":true,"showParticleSystems":true},"in2DMode":false,"pivot":{"x":3.059093475341797,"y":12.454841613769532,"z":21.47255516052246},"rotation":{"x":0.2876795828342438,"y":0.50034099817276,"z":-0.18056294322013856,"w":0.7965531349182129},"size":86.10487365722656,"orthographic":false}