{"cameraMode":{"drawMode":0,"name":"Shaded","section":"Shading Mode"},"sceneLighting":false,"audioPlay":false,"sceneViewState":{"showFog":true,"showMaterialUpdate":true,"showSkybox":false,"showFlares":true,"showImageEffects":true,"showParticleSystems":true},"in2DMode":false,"pivot":{"x":45.97989273071289,"y":14.570882797241211,"z":34.90972900390625},"rotation":{"x":-0.130954310297966,"y":-0.42073675990104678,"z":-0.06151343137025833,"w":0.8955814838409424},"size":5.595026969909668,"orthographic":false}