{"cameraMode":{"drawMode":0,"name":"Shaded","section":"Shading Mode"},"sceneLighting":false,"audioPlay":false,"sceneViewState":{"showFog":true,"showMaterialUpdate":true,"showSkybox":false,"showFlares":true,"showImageEffects":true,"showParticleSystems":true},"in2DMode":false,"pivot":{"x":45.87114334106445,"y":10.868539810180664,"z":16.248424530029298},"rotation":{"x":-0.1851324588060379,"y":0.6495586037635803,"z":-0.1674739569425583,"w":-0.7181706428527832},"size":12.25837516784668,"orthographic":false}