{"cameraMode":{"drawMode":0,"name":"Shaded","section":"Shading Mode"},"sceneLighting":true,"audioPlay":false,"sceneViewState":{"showFog":true,"showMaterialUpdate":true,"showSkybox":true,"showFlares":true,"showImageEffects":true,"showParticleSystems":true},"in2DMode":false,"pivot":{"x":11.52780532836914,"y":-15.943399429321289,"z":29.0605525970459},"rotation":{"x":0.2296394258737564,"y":0.17897774279117585,"z":-0.043027617037296298,"w":0.9557352662086487},"size":43.02909469604492,"orthographic":false}