{"cameraMode":{"drawMode":0,"name":"Shaded","section":"Shading Mode"},"sceneLighting":false,"audioPlay":false,"sceneViewState":{"showFog":true,"showMaterialUpdate":true,"showSkybox":false,"showFlares":true,"showImageEffects":true,"showParticleSystems":true},"in2DMode":false,"pivot":{"x":1.469534158706665,"y":1.0592637062072755,"z":0.07999996840953827},"rotation":{"x":-0.22810323536396027,"y":-0.6199107766151428,"z":0.19503054022789002,"w":-0.7250204682350159},"size":12.847845077514649,"orthographic":false}