{"cameraMode":{"drawMode":0,"name":"Shaded","section":"Shading Mode"},"sceneLighting":true,"audioPlay":false,"sceneViewState":{"showFog":true,"showMaterialUpdate":true,"showSkybox":true,"showFlares":true,"showImageEffects":true,"showParticleSystems":true},"in2DMode":false,"pivot":{"x":42.24156188964844,"y":15.865172386169434,"z":30.626022338867189},"rotation":{"x":0.19371330738067628,"y":0.520598828792572,"z":-0.12261039018630982,"w":0.8224635124206543},"size":22.735424041748048,"orthographic":false}