{"cameraMode":{"drawMode":0,"name":"Shaded","section":"Shading Mode"},"sceneLighting":true,"audioPlay":false,"sceneViewState":{"showFog":true,"showMaterialUpdate":true,"showSkybox":true,"showFlares":true,"showImageEffects":true,"showParticleSystems":true},"in2DMode":false,"pivot":{"x":37.71719741821289,"y":13.53966236114502,"z":46.370819091796878},"rotation":{"x":-0.08358271420001984,"y":0.12136028707027435,"z":-0.010264918208122254,"w":-0.9890413284301758},"size":31.046751022338868,"orthographic":false}